sku,estoque
01.01.01.000036,0
01.01.01.000059,0
01.01.01.000060,0
01.01.01.000062,0
01.01.01.000063,0
01.01.01.000064,0
01.01.01.000065,0
01.01.01.000066,0
01.01.01.000067,0
01.01.01.000072,0
01.01.06.000002,0
01.01.06.000003,0
10001001,0
10001002,0
10001003,0
10001004,0
10001005,0
10001006,0
10001007,0
10001008,0
10001009,0
10001010,0
10001011,0
10001012,0
10001013,0
10001014,0
10001015,0
10002001,0
10002002,0
10002003,0
10002004,0
10002005,0
10002006,0
10002007,0
10002008,0
10002009,0
10002010,0
10002011,0
10002012,0
10002013,0
10002014,0
10002015,0
10002016,0
10002017,0
10002018,0
10002019,0
10002020,0
10002021,0
10002022,0
10002023,0
10002024,0
10002025,0
10002026,0
10002027,0
10002028,0
10002029,0
10002030,0
10002031,0
10002032,0
10002033,0
10002034,0
10002035,0
10002036,0
10002037,0
10002038,0
10002039,0
10002040,0
10002041,0
10002042,0
10002043,0
10002044,0
10002045,0
10002046,0
10002047,0
10002048,0
10002049,0
10002050,0
10002051,0
10002052,0
10002053,0
10002054,0
10002055,0
10002056,0
10002057,0
10002058,0
10002059,0
10002060,0
10002061,0
10002062,0
10002063,0
10002064,0
10002065,0
10002066,0
10002067,0
10002068,0
10002069,0
10002070,0
10002071,0
10002072,0
10002073,0
10002074,0
110PAN302,0
2170.R.0005,0
2171.R.0005,0
2172.R.0005,0
220CLI93N,0
220PAN302,0
30400092,0
30400093,0
30400093-2,0
30400094,0
30400094-2,0
30400095,0
30400095-2,0
30400096,0
30400096-2,0
30400097,0
30400098,0
30400098-2,0
30400099,0
30400099-2,0
30400100,0
30400101,0
30400101-2,0
30400102,0
30400103,0
30400103-2,0
30400104,0
30400104-2,0
30400105,0
30400105-2,0
30400106,0
30400106-2,0
30400107,0
30400108,0
30400108-2,0
30400109,0
30400109-2,0
30400110,0
30400111,0
30400112,0
30400113,0
30400114,0
30400115,0
30400116,0
30400117,0
30400118,0
30400119,0
30400120,0
30400121,0
30400122,0
30400123,0
30400124,0
30400125,0
30400126,0
30400127,0
30400127-2,0
30400128,0
30400129,0
30400130,0
30400131,0
30400132,0
30400132-2,0
30400133,0
30400134,0
30400135,0
30400136,0
30400137,0
30400137-2,0
30400138,0
30400139,0
30400140,0
30400141,0
30400142,0
30400142-2,0
30400143,0
30400144,0
30400145,0
30400145-2,0
30400146,0
30400147,0
30400148,0
30400149,0
30400149-2,0
30400150,0
30400151,0
30400152,0
30400153,0
30400154,0
30400155,0
30400156,0
30400156-2,0
6024.C.0006,0
6024.U.0006,0
6075.C.0010,0
6075.S.0010,0
6510.M.0012,0
7082.Z.0008,0
AC021,0
AC024,0
AC042,0
AC059,0
AC064,0
AC069,0
AC088,0
AC102,0
AC121,0
AC123,0
AC127,0
AC131,0
AC166,0
AC167,0
AC168,0
AC171,0
AC175,0
AC176,0
AC178,0
AC179,0
AC181,0
AC250,0
AC251,0
AC261,0
AC264,0
AC267,0
AC268,0
AC269,0
AC271,0
AC272,0
AC273,0
AC274,0
AC275,0
AC278,0
AC286,0
AC287,0
AC289,0
AC290,0
ACR703,0
ACVR24-1230A,0
ACVR4.0MT,0
ACXS200AMP12,0
ACXS200SLIM,0
ACXT300AMP,0
AFONE,0
AFTD150,0
AFTD60,0
AFTD80,0
AH0011A,0
AHF125RCA,0
AHF252,0
AHF252RCA,0
AHF303RCA,0
AHF400,0
AHF4004,0
AHF404,0
AHF604,0
AHF702,0
AHT1200,0
AHT600,0
ALV60,0
AMD10000,0
AMD3000,0
AMD5000,0
AMD7500,0
AMF60,0
AOG60,0
ARCA1MTMET,0
ARCA3MTMET,0
ARCA5MTMET,0
AT7000,0
AU205,0
AU332,0
AU600,0
AU604,0
AU704,0
BB006,0
BB011,0
BB014,0
BB029,0
BB033,0
BB034,0
BB035,0
BB038,0
BB039,0
BB040,0
BB041,0
BB042,0
BB043,0
BB044,0
BB045,0
BB046,0
BB047,0
BB048,0
BB053,0
BB054,0
BB056,0
BB057,0
BB059,0
BB060,0
BB063,0
BB064,0
BB065,0
BB066,0
BB067,0
BB068,0
BB069,0
BB070,0
BB071,0
BB072,0
BB079,0
BB080,0
BB081,0
BB085,0
BB086,0
BB100,0
BB102,0
BB103,0
BB104,0
BB105,0
BB106,0
BB109,0
BB110,0
BB111,0
BB112,0
BB113,0
BB114,0
BB115,0
BB116,0
BB117,0
BB118,0
BB119,0
BB120,0
BB121,0
BB122,0
BB123,0
BB124,0
BB127,0
BB128,0
BB129,0
BB130,0
BB131,0
BB132,0
BB133,0
BB134,0
BB135,0
BB136,0
BB137,0
BB138,0
BB160,0
BB170,0
BB171,0
BB172,0
BB177,0
BB179,0
BB180,0
BB181,0
BB184,0
BB186,0
BB187,0
BB188,0
BB189,0
BB190,0
BB191,0
BB192,0
BB200,0
BB203,0
BB211,0
BB216,0
BB219,0
BB220,0
BB221,0
BB222,0
BB223,0
BB226,0
BB227,0
BB230,0
BB231,0
BB232,0
BB233,0
BB234,0
BB235,0
BB236,0
BB237,0
BB239,0
BB254,0
BB256,0
BB258,0
BB259,0
BB261,0
BB262,0
BB302,0
BB303,0
BB304,0
BBC01,0
BBE03,0
BBI02,0
BC0026C,0
BEL1,0
BEL10,0
BEL11,0
BEL12,0
BEL13,0
BEL14,0
BEL15,0
BEL16,0
BEL17,0
BEL18,0
BEL19,0
BEL2,0
BEL20,0
BEL21,0
BEL22,0
BEL23,0
BEL24,0
BEL25,0
BEL26,0
BEL3,0
BEL4,0
BEL5,0
BEL6,0
BEL7,0
BEL8,0
BEL9,0
BI002,0
BI004,0
BI006,0
BI020,0
BI057,0
BI059,0
BI060,0
BI061,0
BI062,0
BI072,0
BI073,0
BI074,0
BI075,0
BI076,0
BI077,0
BI078,0
BI079,0
BI082,0
BI086,0
BI092,0
BIO16,0
BIO17,0
BIO25,0
BIO26,0
BIO27,0
BIO28,0
BIO48,0
BIO5,0
BIO50,0
BIO51,0
BIO59,0
BIO6,0
BIO60,0
BMB60,0
BO218,0
BR008,0
BR013,0
BR014,0
BR015,0
BR019,0
BR020,0
BR021,0
BR029,0
BR060,0
BR061,0
BR063,0
BR065,0
BR066,0
BR073,0
BR074,0
BR075,0
BR077,0
BR078,0
BR079,0
BR080,0
BR086,0
BR112,0
BR133,0
BR152,0
BR155,0
BR159,0
BR174,0
BR175,0
BR180,0
BR181,0
BR184,0
BR194,0
BR196,0
BR197,0
BR198,0
BR206,0
BR208,0
BR209,0
BR225,0
BR255,0
BR257,0
BR270,0
BR299,0
BR300,0
BR303,0
BR305,0
BR309,0
BR314,0
BR317,0
BR318,0
BR321,0
BR322,0
BR323,0
BR324,0
BR325,0
BR326,0
BR327,0
BR329,0
BR330,0
BR346,0
BR354,0
BR357,0
BR358,0
BR359,0
BR360,0
BR363,0
BR366,0
BR372,0
BR376,0
BR377,0
BR378,0
BR419,0
BR420,0
BR421,0
BR423,0
BR440,0
BR443,0
BR444,0
BR446,0
BR447,0
BR450,0
BR452,0
BR454,0
BR455,0
BR456,0
BR457,0
BR463,0
BR467,0
BR476,0
BR477,0
BR488,0
BR489,0
BR490,0
BR491,0
BR492,0
BR493,0
BR496,0
BR497,0
BR510,0
BR524,0
BR529,0
BR530,0
BR531,0
BR532,0
BR533,0
BR538,0
BR539,0
BR548,0
BR549,0
BR550,0
BR551,0
BR553,0
BR556,0
BR557,0
BR563,0
BR564,0
BR565,0
BR566,0
BR567,0
BR568,0
BR569,0
BR570,0
BR578,0
BR579,0
BR581,0
BR616,0
BR617,0
BR618,0
BR620,0
BR621,0
BR622,0
BR623,0
BR624,0
BR625,0
BR626,0
BR627,0
BR628,0
BR629,0
BR630,0
BR631,0
BR632,0
BR633,0
BR634,0
BR635,0
BR636,0
BR637,0
BR638,0
BR639,0
BR642,0
BR644,0
BR646,0
BR647,0
BR650,0
BR651,0
BR668,0
BR680,0
BR690,0
BR692,0
CAM60,0
CB007,0
CB008,0
CB009,0
CB010,0
CB045,0
CB050,0
CB051,0
CB052,0
CB053,0
CB054,0
CB065,0
CB066,0
CB068,0
CB073,0
CB075,0
CB076,0
CB077,0
CB083,0
CB085,0
CM-40060001-0045,0
CM-40060001-0076,0
CM-40060001-0078,0
CM-40060001-0092,0
CM-40060001-0093,0
CM-40060001-0094,0
CM-40060001-0095,0
CM-40060001-0096,0
CM-40060001-0101,0
CM-40060001-0102,0
CM-40060001-0107,0
CM-40060001-0144,0
CM-40060001-0145,0
CM-40060001-0160,0
CM-40060001-0161,0
CM-40060001-0162,0
CM-40060001-0163,0
CM-40060001-0164,0
CM-40060001-0165,0
CM-40060001-0166,0
CM-40060001-0202,0
CM-40060001-0203,0
CM-40060001-0204,0
CM-40060001-0206,0
CM-40060001-0207,0
CM-40060001-0208,0
CM-40060001-0210,0
CM-40060001-0211,0
CM-40060001-0212,0
CM-40060001-0214,0
CM-40060001-0215,0
CM-40060001-0216,0
CM-40060010-0077,0
CM-40060010-0091,0
CM-40060010-0120,0
CM-40060010-0121,0
CM-40060010-0124,0
CM-40060010-0125,0
CM-40060010-0126,0
CM-40060010-0127,0
CM-40060010-0169,0
CM-40060010-0170,0
CM-40060010-0171,0
CM-40060010-0172,0
CM-40060010-0173,0
CM-40060010-0174,0
CM-40060011-0045,0
CM-40060011-0075,0
CM-40060011-0076,0
CM-40060011-0078,0
CM-40060011-0079,0
CM-40060011-0096,0
CM-40060011-0105,0
CM-40060011-0106,0
CM-40060011-0109,0
CM-40060011-0110,0
CM-40060011-0130,0
CM-40060011-0131,0
CM-40060011-0132,0
CM-40060011-0144,0
CM-40060011-0145,0
CM-40060011-0160,0
CM-40060011-0161,0
CM-40060011-0162,0
CM-40060011-0163,0
CM-40060011-0164,0
CM-40060011-0165,0
CM-40060011-0166,0
CM-40060011-0202,0
CM-40060011-0203,0
CM-40060011-0204,0
CM-40060011-0206,0
CM-40060011-0207,0
CM-40060011-0208,0
CM-40060011-0210,0
CM-40060011-0211,0
CM-40060011-0212,0
CM-40060011-0214,0
CM-40060011-0215,0
CM-40060011-0216,0
CM-40060012-0077,0
CM-40060012-0091,0
CM-40060012-0120,0
CM-40060012-0121,0
CM-40060012-0124,0
CM-40060012-0125,0
CM-40060012-0126,0
CM-40060012-0127,0
CM-40060012-0169,0
CM-40060012-0170,0
CM-40060012-0171,0
CM-40060012-0172,0
CM-40060012-0173,0
CM-40060012-0174,0
CM-40060013-0120,0
CM-40060013-0121,0
CM-40060013-0124,0
CM-40060013-0125,0
CM-40060013-0126,0
CM-40060013-0127,0
CM-40060013-0169,0
CM-40060013-0170,0
CM-40060013-0171,0
CM-40060013-0172,0
CM-40060013-0173,0
CM-40060013-0174,0
CM-40060014-0219,0
CM-40060014-0220,0
CM-40060014-0221,0
CM-40060014-0222,0
CM-40060014-0223,0
CM-40060014-0224,0
CM-40060014-0225,0
CM-40060014-0226,0
CM-40060015-0007,0
CM-40060015-0038,0
CM-40060015-0067,0
CM-40060015-0089,0
CM-40060015-0120,0
CM-40060015-0121,0
CM-40060015-0124,0
CM-40060015-0125,0
CM-40060015-0126,0
CM-40060015-0127,0
CM-40060015-0169,0
CM-40060015-0170,0
CM-40060015-0171,0
CM-40060015-0172,0
CM-40060015-0173,0
CM-40060015-0174,0
CM-40070023-0161,0
CM-40070025-0145,0
CM-40070025-0202,0
CM-40070025-0204,0
CM-40070028-0073,0
CM-40070028-0112,0
CM-40070029-0073,0
CM-40070029-0112,0
CM-40070030-0109,0
CM-40070030-0130,0
CM-40070030-0162,0
CM-40070030-0164,0
CM-40070032-0171,0
CM-40070037-0076,0
CM-40070037-0096,0
CM-40070037-0166,0
CM-40070039-0164,0
CM-40070049-0105,0
CM-40070052-0144,0
CM-40070052-0212,0
CM-40070053-0164,0
CM-40070054-0065,0
CM-40070054-0071,0
CM-40070054-0113,0
CM-40070055-0065,0
CM-40070055-0071,0
CM-40070055-0113,0
CM-40070056-0065,0
CM-40070056-0071,0
CM-40070056-0113,0
CM-40070059-0161,0
CM-40070059-0166,0
CM-40070059-0203,0
CM-40070061-0162,0
CM-40070061-0207,0
CM-40070061-0212,0
CM-40070064-0164,0
CM-40070065-0172,0
CM-40070065-0174,0
CM-40070067-0161,0
CM-40070069-0120,0
CM-40070070-0077,0
CM-40070070-0121,0
CM-40070070-0124,0
CM-40070070-0170,0
CM-40070070-0171,0
CM-40070076-0172,0
CM-40070079-0038,0
CM-40070079-0067,0
CM-40070079-007,0
CM-40070079-0089,0
CM-40070079-0124,0
CM-40070079-0170,0
CM-40070082-0171,0
CM-40070082-0173,0
CM-40070082-0174,0
CM-40070083-0007,0
CM-40070084-0209,0
CM-40070085-0219,0
CM-40070086-0171,0
CM-40070087-0173,0
CM-40070088-0161,0
CM-40070089-0203,0
CM-40070090-0219,0
CM-40070090-0224,0
CM-40070091-0222,0
CM-40070092-0225,0
CM-40070093-0219,0
CM-40070093-0224,0
CM-40070094-0216,0
CM-40070096-0161,0
CM-40070097-0124,0
CM-40070098-0105,0
CM-40070099-0214,0
CM-40070099-0215,0
CM-40070100-0214,0
CM-40070101-0206,0
CM-40070102-0172,0
CM-40070103-0127,0
CM-40070104-0172,0
CM-40070105-0219,0
CM-60070037-0066,0
CM-60070037-0073,0
CM-60070037-0112,0
CM-60070047-0066,0
CM-60070047-0073,0
CM-60070065-0065,0
CM-60070065-0071,0
CM-60070065-0113,0
CM-60080005-0073,0
CM-60080005-0074,0
CM-60080005-0100,0
CM-60080005-0112,0
CM-60080005-0155,0
CM-60080005-0156,0
CM-60080005-0157,0
CM-60080007-0074,0
CM-60080007-0152,0
CM-60080007-0153,0
CM-60080007-0154,0
CM-60080008-0073,0
CM-60080008-0074,0
CM-60080008-0112,0
CP118S,0
Cromus_1010055,0
Cromus_1010056,0
Cromus_1010057,0
Cromus_1010058,0
Cromus_1010077,0
Cromus_1010107,0
Cromus_1010108,0
Cromus_1010110,0
Cromus_1010111,0
Cromus_1010112,0
Cromus_1010119,0
Cromus_1010120,0
Cromus_1010121,0
Cromus_1010833,0
Cromus_1010877,0
Cromus_1010878,0
Cromus_1010879,0
Cromus_1010880,0
Cromus_1010881,0
Cromus_1011538,0
Cromus_1011584,0
Cromus_1011808,0
Cromus_1011809,0
Cromus_1011868,0
Cromus_1012603,0
Cromus_105128,0
Cromus_105129,0
Cromus_105130,0
Cromus_105131,0
Cromus_105136,0
Cromus_105263,0
Cromus_105264,0
Cromus_105265,0
Cromus_105266,0
Cromus_1110022,0
Cromus_1110023,0
Cromus_1110024,0
Cromus_1110025,0
Cromus_1110026,0
Cromus_1110027,0
Cromus_1110038,0
Cromus_1110043,0
Cromus_1110451,0
Cromus_1110453,0
Cromus_1110454,0
Cromus_1110478,0
Cromus_1111098,0
Cromus_1111110,0
Cromus_1111485,0
Cromus_1111500,0
Cromus_1111618,0
Cromus_1111677,0
Cromus_1111702,0
Cromus_1111709,0
Cromus_1111710,0
Cromus_1111783,0
Cromus_1111853,0
Cromus_1112593,0
Cromus_1112875,0
Cromus_1112876,0
Cromus_1112887,0
Cromus_1112888,0
Cromus_1112941,0
Cromus_1210030,0
Cromus_1210035,0
Cromus_1210141,0
Cromus_1210143,0
Cromus_1210172,0
Cromus_1210173,0
Cromus_1210174,0
Cromus_1210175,0
Cromus_1210308,0
Cromus_1210410,0
Cromus_1210596,0
Cromus_1210599,0
Cromus_1210600,0
Cromus_1210608,0
Cromus_1210617,0
Cromus_1210622,0
Cromus_1210624,0
Cromus_1210681,0
Cromus_1210685,0
Cromus_1210686,0
Cromus_1210687,0
Cromus_1210688,0
Cromus_1210689,0
Cromus_1210865,0
Cromus_1210866,0
Cromus_1211007,0
Cromus_1211138,0
Cromus_1211139,0
Cromus_1211340,0
Cromus_1211370,0
Cromus_1211410,0
Cromus_1211413,0
Cromus_1211737,0
Cromus_1211738,0
Cromus_1211739,0
Cromus_1211776,0
Cromus_1211783,0
Cromus_1211789,0
Cromus_1211798,0
Cromus_1212076,0
Cromus_1212077,0
Cromus_1212216,0
Cromus_1212648,0
Cromus_1212650,0
Cromus_1212656,0
Cromus_1212659,0
Cromus_1212694,0
Cromus_1212762,0
Cromus_1212763,0
Cromus_1212791,0
Cromus_1212835,0
Cromus_1212836,0
Cromus_1212840,0
Cromus_1212841,0
Cromus_1212848,0
Cromus_1212851,0
Cromus_1212852,0
Cromus_1212886,0
Cromus_1212914,0
Cromus_1212942,0
Cromus_1212964,0
Cromus_1212965,0
Cromus_1213182,0
Cromus_1213255,0
Cromus_1213291,0
Cromus_1213303,0
Cromus_1213304,0
Cromus_1213306,0
Cromus_1213311,0
Cromus_1213312,0
Cromus_1213313,0
Cromus_1213314,0
Cromus_1213317,0
Cromus_1213319,0
Cromus_1213321,0
Cromus_1213325,0
Cromus_1213329,0
Cromus_1213330,0
Cromus_1213333,0
Cromus_1213353,0
Cromus_1213354,0
Cromus_1213355,0
Cromus_1213358,0
Cromus_1213359,0
Cromus_1213366,0
Cromus_1213367,0
Cromus_1213372,0
Cromus_1213373,0
Cromus_1213380,0
Cromus_1213381,0
Cromus_1213382,0
Cromus_1213399,0
Cromus_1213406,0
Cromus_1213407,0
Cromus_1213409,0
Cromus_1213411,0
Cromus_1213414,0
Cromus_1213415,0
Cromus_1213450,0
Cromus_1213460,0
Cromus_1213479,0
Cromus_1213541,0
Cromus_1213565,0
Cromus_1213567,0
Cromus_1213575,0
Cromus_1213577,0
Cromus_1213583,0
Cromus_1213584,0
Cromus_1213604,0
Cromus_1213605,0
Cromus_1213606,0
Cromus_1213607,0
Cromus_1213609,0
Cromus_1213610,0
Cromus_1213619,0
Cromus_1213620,0
Cromus_1213679,0
Cromus_1213686,0
Cromus_1214103,0
Cromus_1214126,0
Cromus_1214136,0
Cromus_1214141,0
Cromus_1214145,0
Cromus_1214147,0
Cromus_1214156,0
Cromus_1214410,0
Cromus_1214416,0
Cromus_1214424,0
Cromus_1214426,0
Cromus_1240056,0
Cromus_1310185,0
Cromus_1310219,0
Cromus_1310228,0
Cromus_1310232,0
Cromus_1310555,0
Cromus_1310596,0
Cromus_1311650,0
Cromus_1311655,0
Cromus_1311689,0
Cromus_1311696,0
Cromus_1311714,0
Cromus_1311716,0
Cromus_1311718,0
Cromus_1311719,0
Cromus_1311844,0
Cromus_1311866,0
Cromus_1311908,0
Cromus_1311954,0
Cromus_1311964,0
Cromus_1311989,0
Cromus_1312414,0
Cromus_1312439,0
Cromus_1312448,0
Cromus_1312963,0
Cromus_1312969,0
Cromus_1313235,0
Cromus_1313275,0
Cromus_1313277,0
Cromus_1313604,0
Cromus_1313619,0
Cromus_1313620,0
Cromus_1313656,0
Cromus_1314285,0
Cromus_1314596,0
Cromus_1316092,0
Cromus_1316099,0
Cromus_1316117,0
Cromus_1316118,0
Cromus_1316119,0
Cromus_1316121,0
Cromus_1316123,0
Cromus_1316126,0
Cromus_1316132,0
Cromus_1316146,0
Cromus_1316148,0
Cromus_1316151,0
Cromus_1316152,0
Cromus_1316154,0
Cromus_1316183,0
Cromus_1316185,0
Cromus_1316186,0
Cromus_1316187,0
Cromus_1316188,0
Cromus_1316189,0
Cromus_1316190,0
Cromus_1316191,0
Cromus_1316192,0
Cromus_1316193,0
Cromus_1316194,0
Cromus_1316195,0
Cromus_1316196,0
Cromus_1316201,0
Cromus_1316203,0
Cromus_1316204,0
Cromus_1316205,0
Cromus_1316206,0
Cromus_1316207,0
Cromus_1316209,0
Cromus_1316210,0
Cromus_1316211,0
Cromus_1316212,0
Cromus_1316217,0
Cromus_1316218,0
Cromus_1316221,0
Cromus_1316222,0
Cromus_1316224,0
Cromus_1316225,0
Cromus_1316226,0
Cromus_1316227,0
Cromus_1316231,0
Cromus_1316233,0
Cromus_1316234,0
Cromus_1316235,0
Cromus_1316239,0
Cromus_1316241,0
Cromus_1316242,0
Cromus_1316243,0
Cromus_1316244,0
Cromus_1316247,0
Cromus_1316248,0
Cromus_1316249,0
Cromus_1316250,0
Cromus_1316251,0
Cromus_1316347,0
Cromus_1316348,0
Cromus_1316423,0
Cromus_1316438,0
Cromus_1316441,0
Cromus_1316443,0
Cromus_1316444,0
Cromus_1316447,0
Cromus_1316450,0
Cromus_1316453,0
Cromus_1316465,0
Cromus_1316466,0
Cromus_1316469,0
Cromus_1316470,0
Cromus_1316654,0
Cromus_1316663,0
Cromus_1316711,0
Cromus_1316720,0
Cromus_1316763,0
Cromus_1316764,0
Cromus_1317145,0
Cromus_1317333,0
Cromus_1317393,0
Cromus_1317445,0
Cromus_1317523,0
Cromus_1317524,0
Cromus_1317635,0
Cromus_1318045,0
Cromus_1318058,0
Cromus_1318076,0
Cromus_1318080,0
Cromus_1318092,0
Cromus_1318096,0
Cromus_1318097,0
Cromus_1318100,0
Cromus_1318101,0
Cromus_1318104,0
Cromus_1318105,0
Cromus_1318106,0
Cromus_1318117,0
Cromus_1318118,0
Cromus_1318119,0
Cromus_1318132,0
Cromus_1318280,0
Cromus_1318471,0
Cromus_1318473,0
Cromus_1318478,0
Cromus_1318887,0
Cromus_1318889,0
Cromus_1318930,0
Cromus_1318980,0
Cromus_1319012,0
Cromus_1319031,0
Cromus_1319432,0
Cromus_1319433,0
Cromus_1319581,0
Cromus_1319646,0
Cromus_1319650,0
Cromus_1319782,0
Cromus_1319793,0
Cromus_1320542,0
Cromus_1320549,0
Cromus_1320556,0
Cromus_1350001,0
Cromus_1350002,0
Cromus_1350012,0
Cromus_1350014,0
Cromus_1350017,0
Cromus_1350022,0
Cromus_1350023,0
Cromus_1350031,0
Cromus_1350033,0
Cromus_1350034,0
Cromus_1350036,0
Cromus_1350038,0
Cromus_1350040,0
Cromus_1350041,0
Cromus_1350043,0
Cromus_1350054,0
Cromus_1350056,0
Cromus_1350057,0
Cromus_1350067,0
Cromus_1350073,0
Cromus_1350079,0
Cromus_1350085,0
Cromus_1410035,0
Cromus_1410052,0
Cromus_1410054,0
Cromus_1410060,0
Cromus_1410069,0
Cromus_1410081,0
Cromus_1410090,0
Cromus_1410103,0
Cromus_1410104,0
Cromus_1410430,0
Cromus_1410431,0
Cromus_1410439,0
Cromus_1410440,0
Cromus_1410441,0
Cromus_1410454,0
Cromus_1410455,0
Cromus_1410459,0
Cromus_1410469,0
Cromus_1410470,0
Cromus_1410479,0
Cromus_1410532,0
Cromus_1410533,0
Cromus_1410536,0
Cromus_1410537,0
Cromus_1410583,0
Cromus_1410868,0
Cromus_1410877,0
Cromus_1411474,0
Cromus_1411477,0
Cromus_1411507,0
Cromus_1411509,0
Cromus_1411630,0
Cromus_1411651,0
Cromus_1412170,0
Cromus_1412381,0
Cromus_1412384,0
Cromus_1412386,0
Cromus_1412433,0
Cromus_1412435,0
Cromus_1412439,0
Cromus_1412445,0
Cromus_1412448,0
Cromus_1412451,0
Cromus_1412500,0
Cromus_1412502,0
Cromus_1412506,0
Cromus_1412509,0
Cromus_1412510,0
Cromus_1412522,0
Cromus_1412523,0
Cromus_1412524,0
Cromus_1412525,0
Cromus_1412526,0
Cromus_1412527,0
Cromus_1412528,0
Cromus_1412530,0
Cromus_1412536,0
Cromus_1412540,0
Cromus_1412751,0
Cromus_1412754,0
Cromus_1412764,0
Cromus_1412880,0
Cromus_1412881,0
Cromus_1412882,0
Cromus_1412890,0
Cromus_1412891,0
Cromus_1412892,0
Cromus_1412894,0
Cromus_1412904,0
Cromus_1412906,0
Cromus_1412908,0
Cromus_1412915,0
Cromus_1412916,0
Cromus_1412918,0
Cromus_1412919,0
Cromus_1412990,0
Cromus_1413034,0
Cromus_1413035,0
Cromus_1413060,0
Cromus_1413062,0
Cromus_1413240,0
Cromus_1413468,0
Cromus_1413469,0
Cromus_1413578,0
Cromus_1413579,0
Cromus_1413721,0
Cromus_1413795,0
Cromus_1413879,0
Cromus_1413886,0
Cromus_1414044,0
Cromus_1414268,0
Cromus_1414269,0
Cromus_1414275,0
Cromus_1414457,0
Cromus_1414470,0
Cromus_1414476,0
Cromus_1414484,0
Cromus_1414485,0
Cromus_1414486,0
Cromus_1414969,0
Cromus_1414970,0
Cromus_1415065,0
Cromus_1415104,0
Cromus_1415117,0
Cromus_1415123,0
Cromus_1415124,0
Cromus_1415125,0
Cromus_1415130,0
Cromus_1415157,0
Cromus_1415232,0
Cromus_1415234,0
Cromus_1415235,0
Cromus_1415281,0
Cromus_1415303,0
Cromus_1415304,0
Cromus_1415305,0
Cromus_1415791,0
Cromus_1415796,0
Cromus_1415994,0
Cromus_1416006,0
Cromus_1416014,0
Cromus_1416103,0
Cromus_1416235,0
Cromus_1416287,0
Cromus_1416784,0
Cromus_1416785,0
Cromus_1416808,0
Cromus_1417165,0
Cromus_1417166,0
Cromus_1417168,0
Cromus_1417170,0
Cromus_1417174,0
Cromus_1417366,0
Cromus_1417371,0
Cromus_1417378,0
Cromus_1417415,0
Cromus_1417437,0
Cromus_1417444,0
Cromus_1417446,0
Cromus_1417458,0
Cromus_1417626,0
Cromus_1417629,0
Cromus_1417660,0
Cromus_1417663,0
Cromus_1417744,0
Cromus_1417786,0
Cromus_1417815,0
Cromus_1417820,0
Cromus_1417823,0
Cromus_1417861,0
Cromus_1417862,0
Cromus_1417863,0
Cromus_1417865,0
Cromus_1417917,0
Cromus_1417943,0
Cromus_1417967,0
Cromus_1417983,0
Cromus_1417998,0
Cromus_1417999,0
Cromus_1418005,0
Cromus_1418006,0
Cromus_1418013,0
Cromus_1418016,0
Cromus_1418030,0
Cromus_1418031,0
Cromus_1418033,0
Cromus_1418036,0
Cromus_1418068,0
Cromus_1418073,0
Cromus_1418078,0
Cromus_1418096,0
Cromus_1418115,0
Cromus_1418151,0
Cromus_1418159,0
Cromus_1418193,0
Cromus_1418196,0
Cromus_1418214,0
Cromus_1418228,0
Cromus_1418247,0
Cromus_1418259,0
Cromus_1418297,0
Cromus_1418309,0
Cromus_1418314,0
Cromus_1418315,0
Cromus_1418740,0
Cromus_1418741,0
Cromus_1418743,0
Cromus_1418746,0
Cromus_1418749,0
Cromus_1418753,0
Cromus_1418755,0
Cromus_1418758,0
Cromus_1418759,0
Cromus_1418790,0
Cromus_1418791,0
Cromus_1418794,0
Cromus_1418801,0
Cromus_1418802,0
Cromus_1418811,0
Cromus_1418822,0
Cromus_1418827,0
Cromus_1418877,0
Cromus_1418878,0
Cromus_1418897,0
Cromus_1418915,0
Cromus_1419675,0
Cromus_1419680,0
Cromus_1419683,0
Cromus_1419684,0
Cromus_1419711,0
Cromus_1419712,0
Cromus_1419713,0
Cromus_1419794,0
Cromus_1419892,0
Cromus_1419903,0
Cromus_1419939,0
Cromus_1419944,0
Cromus_1419947,0
Cromus_1419960,0
Cromus_1419963,0
Cromus_1419968,0
Cromus_1421400,0
Cromus_1421427,0
Cromus_1421428,0
Cromus_1421872,0
Cromus_1421874,0
Cromus_1422456,0
Cromus_1422457,0
Cromus_1422458,0
Cromus_1422461,0
Cromus_1440003,0
Cromus_1440063,0
Cromus_1440701,0
Cromus_1440702,0
Cromus_1440703,0
Cromus_1440707,0
Cromus_1442658,0
Cromus_1442660,0
Cromus_1442662,0
Cromus_1442720,0
Cromus_1442726,0
Cromus_1442738,0
Cromus_1442743,0
Cromus_1442745,0
Cromus_1442749,0
Cromus_1442756,0
Cromus_1442890,0
Cromus_1442891,0
Cromus_1442892,0
Cromus_1442893,0
Cromus_1442894,0
Cromus_1442895,0
Cromus_1442898,0
Cromus_1442926,0
Cromus_1442927,0
Cromus_1442928,0
Cromus_1442929,0
Cromus_1442933,0
Cromus_1442934,0
Cromus_1442944,0
Cromus_1442945,0
Cromus_1442962,0
Cromus_1442968,0
Cromus_1443210,0
Cromus_1443224,0
Cromus_1443226,0
Cromus_1443227,0
Cromus_1443229,0
Cromus_1443231,0
Cromus_1443235,0
Cromus_1443237,0
Cromus_1443238,0
Cromus_1443239,0
Cromus_1443240,0
Cromus_1443241,0
Cromus_1443250,0
Cromus_1443251,0
Cromus_1443258,0
Cromus_1443259,0
Cromus_1443261,0
Cromus_1443269,0
Cromus_1443270,0
Cromus_1443272,0
Cromus_1443273,0
Cromus_1443275,0
Cromus_1443277,0
Cromus_1443278,0
Cromus_1443290,0
Cromus_1443291,0
Cromus_1443292,0
Cromus_1443293,0
Cromus_1443294,0
Cromus_1443295,0
Cromus_1443296,0
Cromus_1443297,0
Cromus_1443298,0
Cromus_1443299,0
Cromus_1443300,0
Cromus_1443301,0
Cromus_1443306,0
Cromus_1443307,0
Cromus_1443309,0
Cromus_1443315,0
Cromus_1443316,0
Cromus_1443324,0
Cromus_1443326,0
Cromus_1443327,0
Cromus_1443328,0
Cromus_1443329,0
Cromus_1443330,0
Cromus_1443333,0
Cromus_1443338,0
Cromus_1510033,0
Cromus_1510034,0
Cromus_1510040,0
Cromus_1510041,0
Cromus_1510302,0
Cromus_1510303,0
Cromus_1510305,0
Cromus_1510307,0
Cromus_1510308,0
Cromus_1510309,0
Cromus_1510310,0
Cromus_1510312,0
Cromus_1510318,0
Cromus_1510319,0
Cromus_1510321,0
Cromus_1510324,0
Cromus_1510397,0
Cromus_1510398,0
Cromus_1510399,0
Cromus_1510401,0
Cromus_1510404,0
Cromus_1510405,0
Cromus_1510406,0
Cromus_1510407,0
Cromus_1510408,0
Cromus_1510409,0
Cromus_1510410,0
Cromus_1510504,0
Cromus_1510506,0
Cromus_1510507,0
Cromus_1510514,0
Cromus_1510517,0
Cromus_1510803,0
Cromus_1510804,0
Cromus_1510806,0
Cromus_1510871,0
Cromus_1510951,0
Cromus_1510994,0
Cromus_1511040,0
Cromus_1511122,0
Cromus_1511143,0
Cromus_1511180,0
Cromus_1511325,0
Cromus_1511467,0
Cromus_1511469,0
Cromus_1511471,0
Cromus_1511472,0
Cromus_1511486,0
Cromus_1511487,0
Cromus_1511489,0
Cromus_1511499,0
Cromus_1511500,0
Cromus_1511504,0
Cromus_1511505,0
Cromus_1511837,0
Cromus_1511850,0
Cromus_1511856,0
Cromus_1511857,0
Cromus_1511859,0
Cromus_1511860,0
Cromus_1511864,0
Cromus_1511865,0
Cromus_1511874,0
Cromus_1511879,0
Cromus_1511882,0
Cromus_1511883,0
Cromus_1511884,0
Cromus_1511887,0
Cromus_1511888,0
Cromus_1511892,0
Cromus_1511893,0
Cromus_1511963,0
Cromus_1511964,0
Cromus_1512016,0
Cromus_1512017,0
Cromus_1512018,0
Cromus_1512019,0
Cromus_1512034,0
Cromus_1512035,0
Cromus_1512036,0
Cromus_1512043,0
Cromus_1512061,0
Cromus_1512129,0
Cromus_1512130,0
Cromus_1512141,0
Cromus_1512142,0
Cromus_1512174,0
Cromus_1512283,0
Cromus_1512451,0
Cromus_1512452,0
Cromus_1512454,0
Cromus_1512456,0
Cromus_1512457,0
Cromus_1512458,0
Cromus_1512459,0
Cromus_1512461,0
Cromus_1512463,0
Cromus_1512464,0
Cromus_1512465,0
Cromus_1512466,0
Cromus_1512468,0
Cromus_1512470,0
Cromus_1512507,0
Cromus_1512722,0
Cromus_1513064,0
Cromus_1513071,0
Cromus_1513086,0
Cromus_1513087,0
Cromus_1513125,0
Cromus_1513606,0
Cromus_1513607,0
Cromus_1513632,0
Cromus_1513635,0
Cromus_1513824,0
Cromus_1513825,0
Cromus_1513828,0
Cromus_1513838,0
Cromus_1513846,0
Cromus_1513859,0
Cromus_1513862,0
Cromus_1513871,0
Cromus_1513884,0
Cromus_1513903,0
Cromus_1513906,0
Cromus_1514200,0
Cromus_1514208,0
Cromus_1514219,0
Cromus_1514224,0
Cromus_1514363,0
Cromus_1514364,0
Cromus_1514366,0
Cromus_1514374,0
Cromus_1514375,0
Cromus_1514383,0
Cromus_1514384,0
Cromus_1514385,0
Cromus_1514386,0
Cromus_1514391,0
Cromus_1514507,0
Cromus_1514513,0
Cromus_1515041,0
Cromus_1515042,0
Cromus_1515046,0
Cromus_1515050,0
Cromus_1515101,0
Cromus_1515103,0
Cromus_1515109,0
Cromus_1515111,0
Cromus_1515112,0
Cromus_1515114,0
Cromus_1515117,0
Cromus_1515185,0
Cromus_1515186,0
Cromus_1515306,0
Cromus_1515307,0
Cromus_1515309,0
Cromus_1515310,0
Cromus_1515312,0
Cromus_1515315,0
Cromus_1515317,0
Cromus_1515320,0
Cromus_1515324,0
Cromus_1515326,0
Cromus_1515334,0
Cromus_1515337,0
Cromus_1515340,0
Cromus_1515341,0
Cromus_1515342,0
Cromus_1515462,0
Cromus_1515479,0
Cromus_1515480,0
Cromus_1515481,0
Cromus_1515493,0
Cromus_1515556,0
Cromus_1515580,0
Cromus_1515585,0
Cromus_1515587,0
Cromus_1515599,0
Cromus_1515618,0
Cromus_1515619,0
Cromus_1515624,0
Cromus_1515625,0
Cromus_1515628,0
Cromus_1515630,0
Cromus_1515636,0
Cromus_1515751,0
Cromus_1516043,0
Cromus_1516047,0
Cromus_1516103,0
Cromus_1516315,0
Cromus_1516316,0
Cromus_1516318,0
Cromus_1516351,0
Cromus_1516401,0
Cromus_1516412,0
Cromus_1516455,0
Cromus_1516456,0
Cromus_1516460,0
Cromus_1516595,0
Cromus_1516596,0
Cromus_1516599,0
Cromus_1516719,0
Cromus_1516804,0
Cromus_1516809,0
Cromus_1516843,0
Cromus_1516847,0
Cromus_1516848,0
Cromus_1516970,0
Cromus_1517036,0
Cromus_1517101,0
Cromus_1517102,0
Cromus_1517104,0
Cromus_1517122,0
Cromus_1517170,0
Cromus_1517171,0
Cromus_1517530,0
Cromus_1517593,0
Cromus_1517634,0
Cromus_1517639,0
Cromus_1517641,0
Cromus_1517662,0
Cromus_1517714,0
Cromus_1517782,0
Cromus_1517787,0
Cromus_1517790,0
Cromus_1517792,0
Cromus_1517806,0
Cromus_1517811,0
Cromus_1517814,0
Cromus_1517815,0
Cromus_1517819,0
Cromus_1517823,0
Cromus_1517827,0
Cromus_1517830,0
Cromus_1517832,0
Cromus_1517833,0
Cromus_1517835,0
Cromus_1517836,0
Cromus_1517837,0
Cromus_1517838,0
Cromus_1517863,0
Cromus_1517874,0
Cromus_1517876,0
Cromus_1517879,0
Cromus_1517882,0
Cromus_1517883,0
Cromus_1517884,0
Cromus_1517886,0
Cromus_1517887,0
Cromus_1517888,0
Cromus_1517893,0
Cromus_1517894,0
Cromus_1517895,0
Cromus_1517896,0
Cromus_1517897,0
Cromus_1517898,0
Cromus_1517964,0
Cromus_1518207,0
Cromus_1518403,0
Cromus_1518404,0
Cromus_1518405,0
Cromus_1518407,0
Cromus_1518452,0
Cromus_1518454,0
Cromus_1518455,0
Cromus_1518456,0
Cromus_1518464,0
Cromus_1518465,0
Cromus_1518466,0
Cromus_1518467,0
Cromus_1518468,0
Cromus_1518469,0
Cromus_1518470,0
Cromus_1518471,0
Cromus_1518474,0
Cromus_1518475,0
Cromus_1518480,0
Cromus_1518481,0
Cromus_1518482,0
Cromus_1518791,0
Cromus_1518815,0
Cromus_1518817,0
Cromus_1518822,0
Cromus_1518838,0
Cromus_1518842,0
Cromus_1518846,0
Cromus_1518847,0
Cromus_1518872,0
Cromus_1519151,0
Cromus_1519152,0
Cromus_1519202,0
Cromus_1519212,0
Cromus_1519222,0
Cromus_1519233,0
Cromus_1519267,0
Cromus_1519313,0
Cromus_1519383,0
Cromus_1519651,0
Cromus_1519652,0
Cromus_1519653,0
Cromus_1519657,0
Cromus_1519658,0
Cromus_1519659,0
Cromus_1519660,0
Cromus_1519661,0
Cromus_1519662,0
Cromus_1519663,0
Cromus_1519664,0
Cromus_1519665,0
Cromus_1519666,0
Cromus_1519667,0
Cromus_1519668,0
Cromus_1519669,0
Cromus_1519670,0
Cromus_1519671,0
Cromus_1519672,0
Cromus_1519673,0
Cromus_1519674,0
Cromus_1519675,0
Cromus_1519753,0
Cromus_1519806,0
Cromus_1520587,0
Cromus_1520588,0
Cromus_1520589,0
Cromus_1520590,0
Cromus_1520593,0
Cromus_1520594,0
Cromus_1520595,0
Cromus_1520596,0
Cromus_1520597,0
Cromus_1520598,0
Cromus_1521767,0
Cromus_1521796,0
Cromus_1521797,0
Cromus_1521800,0
Cromus_1521802,0
Cromus_1521804,0
Cromus_1521805,0
Cromus_1521808,0
Cromus_1521810,0
Cromus_1521816,0
Cromus_1521822,0
Cromus_1521826,0
Cromus_1521830,0
Cromus_1521843,0
Cromus_1521844,0
Cromus_1521845,0
Cromus_1521846,0
Cromus_1521868,0
Cromus_1521869,0
Cromus_1524708,0
Cromus_1525609,0
Cromus_1550105,0
Cromus_1550210,0
Cromus_1550213,0
Cromus_1550463,0
Cromus_1550472,0
Cromus_1550475,0
Cromus_1550476,0
Cromus_1550727,0
Cromus_1551072,0
Cromus_1551077,0
Cromus_1551078,0
Cromus_1551129,0
Cromus_1551329,0
Cromus_1551334,0
Cromus_1551337,0
Cromus_1551339,0
Cromus_1551340,0
Cromus_1551400,0
Cromus_1551401,0
Cromus_1551483,0
Cromus_1551491,0
Cromus_1551498,0
Cromus_1551499,0
Cromus_1551502,0
Cromus_1551503,0
Cromus_1551504,0
Cromus_1551505,0
Cromus_1551524,0
Cromus_1551525,0
Cromus_1551527,0
Cromus_1551530,0
Cromus_1551531,0
Cromus_1551532,0
Cromus_1551534,0
Cromus_1551535,0
Cromus_1551536,0
Cromus_1551537,0
Cromus_1551538,0
Cromus_1551539,0
Cromus_1551541,0
Cromus_1551542,0
Cromus_1551543,0
Cromus_1551547,0
Cromus_1551548,0
Cromus_1551549,0
Cromus_1551550,0
Cromus_1551552,0
Cromus_1551554,0
Cromus_1551555,0
Cromus_1551556,0
Cromus_1551557,0
Cromus_1551558,0
Cromus_1551560,0
Cromus_1551561,0
Cromus_1551562,0
Cromus_1551564,0
Cromus_1551565,0
Cromus_1551567,0
Cromus_1551568,0
Cromus_1551569,0
Cromus_1551570,0
Cromus_1551572,0
Cromus_1551573,0
Cromus_1551574,0
Cromus_1551576,0
Cromus_1551577,0
Cromus_1551578,0
Cromus_1551580,0
Cromus_1551582,0
Cromus_1551583,0
Cromus_1551584,0
Cromus_1551585,0
Cromus_1551586,0
Cromus_1551587,0
Cromus_1551588,0
Cromus_1551589,0
Cromus_1551590,0
Cromus_1551591,0
Cromus_1551592,0
Cromus_1551593,0
Cromus_1551594,0
Cromus_1551595,0
Cromus_1551596,0
Cromus_1551597,0
Cromus_1551598,0
Cromus_1551599,0
Cromus_1551600,0
Cromus_1551603,0
Cromus_1551604,0
Cromus_1551605,0
Cromus_1551606,0
Cromus_1551607,0
Cromus_1551608,0
Cromus_1551610,0
Cromus_1551611,0
Cromus_1551612,0
Cromus_1551613,0
Cromus_1551614,0
Cromus_1551615,0
Cromus_1551616,0
Cromus_1551617,0
Cromus_1551618,0
Cromus_1551620,0
Cromus_1551621,0
Cromus_1551623,0
Cromus_1551624,0
Cromus_1551626,0
Cromus_1551627,0
Cromus_1551628,0
Cromus_1551629,0
Cromus_1551630,0
Cromus_1551634,0
Cromus_1551635,0
Cromus_1551636,0
Cromus_1551637,0
Cromus_1551639,0
Cromus_1551640,0
Cromus_1551641,0
Cromus_1551643,0
Cromus_1551649,0
Cromus_1551651,0
Cromus_1551654,0
Cromus_1551656,0
Cromus_1551657,0
Cromus_1551659,0
Cromus_1551662,0
Cromus_1551663,0
Cromus_1551666,0
Cromus_1551667,0
Cromus_1551669,0
Cromus_1551671,0
Cromus_1551674,0
Cromus_1551675,0
Cromus_1551676,0
Cromus_1551677,0
Cromus_1551678,0
Cromus_1551679,0
Cromus_1551680,0
Cromus_1551682,0
Cromus_1551824,0
Cromus_1551825,0
Cromus_1551826,0
Cromus_1551827,0
Cromus_1551828,0
Cromus_1551830,0
Cromus_1551831,0
Cromus_1551833,0
Cromus_1551837,0
Cromus_1551838,0
Cromus_1551839,0
Cromus_1551841,0
Cromus_1551868,0
Cromus_1551870,0
Cromus_1551871,0
Cromus_1551883,0
Cromus_1551885,0
Cromus_1551947,0
Cromus_1551948,0
Cromus_1551949,0
Cromus_1551950,0
Cromus_1551953,0
Cromus_1551971,0
Cromus_1551972,0
Cromus_1551973,0
Cromus_1552103,0
Cromus_1552105,0
Cromus_1552109,0
Cromus_1552115,0
Cromus_1552131,0
Cromus_1552134,0
Cromus_1552154,0
Cromus_1552166,0
Cromus_1552174,0
Cromus_1552176,0
Cromus_1552177,0
Cromus_1552179,0
Cromus_1552233,0
Cromus_1552260,0
Cromus_1552264,0
Cromus_1552315,0
Cromus_1552317,0
Cromus_1552334,0
Cromus_1552635,0
Cromus_1552643,0
Cromus_1552649,0
Cromus_1552662,0
Cromus_1552663,0
Cromus_1552686,0
Cromus_1552688,0
Cromus_1552691,0
Cromus_1552699,0
Cromus_1552709,0
Cromus_1552710,0
Cromus_1553342,0
Cromus_1553345,0
Cromus_1553363,0
Cromus_1553364,0
Cromus_1553378,0
Cromus_1553381,0
Cromus_1553393,0
Cromus_1553401,0
Cromus_1553650,0
Cromus_1553881,0
Cromus_1553891,0
Cromus_1553892,0
Cromus_1553910,0
Cromus_1553911,0
Cromus_1553912,0
Cromus_1553913,0
Cromus_1553931,0
Cromus_1553961,0
Cromus_1553963,0
Cromus_1553964,0
Cromus_1553965,0
Cromus_1553966,0
Cromus_1553967,0
Cromus_1553969,0
Cromus_1553971,0
Cromus_1553972,0
Cromus_1553975,0
Cromus_1553976,0
Cromus_1553977,0
Cromus_1554006,0
Cromus_1554017,0
Cromus_1554018,0
Cromus_1554073,0
Cromus_1554076,0
Cromus_1554083,0
Cromus_1554084,0
Cromus_1554086,0
Cromus_1554087,0
Cromus_1554107,0
Cromus_1554108,0
Cromus_1554190,0
Cromus_1610194,0
Cromus_1610195,0
Cromus_1610404,0
Cromus_1610416,0
Cromus_1610418,0
Cromus_1610419,0
Cromus_1610420,0
Cromus_1610433,0
Cromus_1610434,0
Cromus_1610539,0
Cromus_1610546,0
Cromus_1610547,0
Cromus_1610600,0
Cromus_1610601,0
Cromus_1610603,0
Cromus_1610604,0
Cromus_1610605,0
Cromus_1610610,0
Cromus_1610611,0
Cromus_1610612,0
Cromus_1610613,0
Cromus_1610614,0
Cromus_1610620,0
Cromus_1610623,0
Cromus_1610624,0
Cromus_1610625,0
Cromus_1610626,0
Cromus_1610627,0
Cromus_1610628,0
Cromus_1610629,0
Cromus_1610630,0
Cromus_1610632,0
Cromus_1610633,0
Cromus_1610634,0
Cromus_1610635,0
Cromus_1610636,0
Cromus_1610637,0
Cromus_1610638,0
Cromus_1610639,0
Cromus_1610640,0
Cromus_1610641,0
Cromus_1610642,0
Cromus_1610645,0
Cromus_1610646,0
Cromus_1610647,0
Cromus_1610648,0
Cromus_1610649,0
Cromus_1610650,0
Cromus_1610652,0
Cromus_1610653,0
Cromus_1610654,0
Cromus_1610657,0
Cromus_1610658,0
Cromus_1610659,0
Cromus_1610660,0
Cromus_1610661,0
Cromus_1610662,0
Cromus_1610665,0
Cromus_1610666,0
Cromus_1610667,0
Cromus_1610668,0
Cromus_1610669,0
Cromus_1610670,0
Cromus_1611209,0
Cromus_1611210,0
Cromus_1611211,0
Cromus_1611212,0
Cromus_1611213,0
Cromus_1611214,0
Cromus_1611216,0
Cromus_1611217,0
Cromus_1611218,0
Cromus_1611980,0
Cromus_1611981,0
Cromus_1611983,0
Cromus_1611984,0
Cromus_1611985,0
Cromus_1611986,0
Cromus_1611988,0
Cromus_1611990,0
Cromus_1611991,0
Cromus_1611992,0
Cromus_1612100,0
Cromus_1612104,0
Cromus_1612105,0
Cromus_1612106,0
Cromus_1612109,0
Cromus_1612409,0
Cromus_1612410,0
Cromus_1612413,0
Cromus_1612414,0
Cromus_1612417,0
Cromus_1612418,0
Cromus_1612420,0
Cromus_1612550,0
Cromus_1612551,0
Cromus_1612552,0
Cromus_1612554,0
Cromus_1612555,0
Cromus_1612556,0
Cromus_1612703,0
Cromus_1612726,0
Cromus_1612728,0
Cromus_1612731,0
Cromus_1612743,0
Cromus_1612759,0
Cromus_1612797,0
Cromus_1612804,0
Cromus_1612955,0
Cromus_1612956,0
Cromus_1612958,0
Cromus_1612959,0
Cromus_1612960,0
Cromus_1612961,0
Cromus_1616250,0
Cromus_1616251,0
Cromus_1616253,0
Cromus_1616254,0
Cromus_1616255,0
Cromus_1616256,0
Cromus_1616257,0
Cromus_1616259,0
Cromus_1616262,0
Cromus_1616265,0
Cromus_1616280,0
Cromus_1616285,0
Cromus_1616287,0
Cromus_1616310,0
Cromus_1616311,0
Cromus_1616317,0
Cromus_1616938,0
Cromus_1618054,0
Cromus_1618166,0
Cromus_1618551,0
Cromus_1618562,0
Cromus_1618563,0
Cromus_1618564,0
Cromus_1618625,0
Cromus_1618626,0
Cromus_1618627,0
Cromus_1618631,0
Cromus_1618901,0
Cromus_1618903,0
Cromus_1618904,0
Cromus_1618906,0
Cromus_1618907,0
Cromus_1618908,0
Cromus_1618909,0
Cromus_1618912,0
Cromus_1618913,0
Cromus_1618914,0
Cromus_1618964,0
Cromus_1618965,0
Cromus_1618966,0
Cromus_1618967,0
Cromus_1620560,0
Cromus_1620594,0
Cromus_1620595,0
Cromus_1620602,0
Cromus_1620603,0
Cromus_1620606,0
Cromus_1620607,0
Cromus_1620608,0
Cromus_1620611,0
Cromus_1655001,0
Cromus_1655007,0
Cromus_1655015,0
Cromus_18200011,0
Cromus_203004,0
Cromus_206434,0
Cromus_210460,0
Cromus_210911,0
Cromus_213404,0
Cromus_213648,0
Cromus_213840,0
Cromus_213922,0
Cromus_213924,0
Cromus_214010,0
Cromus_214011,0
Cromus_214034,0
Cromus_214176,0
DC184,0
DK452,0
ES049,0
ES050,0
ES055,0
ES060,0
ES070,0
ES071,0
ES072,0
ES080,0
ES090,0
ES091,0
ES092,0
ES093,0
ES094,0
ES095,0
ES096,0
ES097,0
ES098,0
ES099,0
ES101,0
ES102,0
ES103,0
FM3360,0
FX26M1O,0
GA030,0
GA039,0
GA039BU,0
GA043,0
GA057,0
GA077,0
GA080,0
GA114BU,0
GA115,0
GA116,0
GA117,0
GA118,0
GA119,0
GA122,0
GA123,0
GA124,0
GA125,0
GA126,0
GA127,0
GA128,0
GA131,0
GA133,0
GA134,0
GA135,0
GA136,0
GA139,0
GA142,0
GA145,0
GA146,0
GA147,0
GA149,0
GA150,0
GA154,0
GA230,0
GA230BU,0
GA350,0
GA400,0
GA500,0
GQ-19190001,0
GQ-19190002,0
GQ-19190003,0
GQ-19190004,0
GQ-19190005,0
GQ-19190006,0
GQ-19190007,0
GQ-19190008,0
GQ-19190009,0
GQ-19190010,0
GQ-19190011,0
GQ-19190012,0
GQ-19190013,0
GQ-19190014,0
GQ-19190015,0
GQ-19190016,0
GQ-19190017,0
GQ-19190018,0
GQ-19190019,0
GQ-19190020,0
GQ-19190021,0
GQ-19190022,0
GQ-19190023,0
GQ-19190024,0
GQ-19190025,0
GQ-19190026,0
GQ-19190027,0
GQ-19190028,0
GQ-19190029,0
GQ-19190030,0
GQ-19190031,0
GQ-19190032,0
GQ-19190033,0
GQ-19190034,0
GQ-19190035,0
GQ-19190036,0
GQ-19190037,0
GQ-19190038,0
GQ-19190039,0
GQ-19190040,0
GQ-19190041,0
GQ-19190042,0
GQ-19190043,0
GQ-19190044,0
GQ-19190045,0
GQ-19190046,0
GQ-19190047,0
GQ-19190048,0
GQ-19190049,0
GQ-19190050,0
GQ-19190051,0
GQ-19190052,0
GQ-19190053,0
GQ-19190054,0
GQ-19190055,0
GQ-19190056,0
GQ-19190057,0
GQ-19190058,0
GQ-19190059,0
GQ-19190060,0
GQ-19190061,0
GQ-19190062,0
GQ-19190063,0
GQ-19190064,0
GQ-19190065,0
GQ-19190066,0
GQ-19190067,0
GQ-19190068,0
GQ-19190069,0
GQ-19190070,0
GQ-19190071,0
GQ-19190072,0
GQ-19190073,0
GQ-19190074,0
GQ-19190075,0
GQ-19190076,0
GQ-19190077,0
GQ-19190078,0
GQ-19190079,0
GQ-19190080,0
GQ-19190081,0
GQ-19190082,0
GQ-19190083,0
GQ-19190084,0
GQ-19190085,0
GQ-19190086,0
GQ-19190087,0
GQ-19190088,0
GQ-19190089,0
GQ-19190090,0
GQ-19190091,0
GQ-19190092,0
GQ-19190093,0
GQ-19190094,0
GQ-19190095,0
GQ-19190096,0
GQ-19190097,0
GQ-19190098,0
GQ-19190099,0
GQ-19190100,0
GQ-19190101,0
GQ-19190102,0
GQ-19190103,0
GQ-19190104,0
GQ-19190105,0
GQ-19190106,0
GQ-19190107,0
GQ-19190108,0
GQ-19190109,0
GQ-19190110,0
GQ-19190111,0
GQ-19190112,0
GQ-19190113,0
GQ-19190114,0
GQ-19190115,0
GQ-19190116,0
GQ-19190117,0
GQ-19190118,0
GQ-19190119,0
GQ-19190120,0
GQ-19190121,0
GQ-19190122,0
GQ-19190123,0
GQ-19190124,0
GQ-19190125,0
GQ-19190126,0
GQ-19190127,0
GQ-19190128,0
GQ-19190129,0
GQ-19190130,0
GQ-19190131,0
GQ-19190132,0
GQ-19190133,0
GQ-19190134,0
GQ-19190135,0
GQ-19190136,0
GQ-19190137,0
GQ-19190138,0
GQ-19190139,0
GQ-19190140,0
GQ-19190141,0
GQ-19190142,0
GQ-19190143,0
GQ-19190144,0
GQ-19190145,0
GQ-19190146,0
GQ-19190147,0
GQ-19190148,0
GQ-19190149,0
GQ-19190150,0
GQ-19190151,0
GQ-19190152,0
GQ-19190153,0
GQ-19190154,0
GQ-19190155,0
GQ-19190156,0
GQ-19190157,0
GQ-19190158,0
GQ-19190159,0
GQ-19190160,0
GQ-19190161,0
GQ-19190162,0
GQ-19190163,0
GQ-19190164,0
GQ-19190165,0
GQ-19190166,0
GQ-19190167,0
GQ-19190168,0
GQ-19190169,0
GQ-19190170,0
GQ-19190171,0
GQ-19190172,0
GQ-19190173,0
GQ-19190174,0
GQ-19190175,0
GQ-19190176,0
GQ-19190177,0
GQ-19190178,0
GQ-19190179,0
GQ-19190180,0
GQ-19190181,0
GQ-19190182,0
GQ-19190183,0
GQ-19190184,0
GQ-19190185,0
GQ-19280100,0
GQ-19280101,0
GQ-19280102,0
GQ-19280103,0
GQ-19280104,0
GQ-19280105,0
GQ-19280106,0
GQ-19280107,0
GQ-19280108,0
GQ-19280109,0
GQ-19280110,0
GQ-19280111,0
GQ-19280112,0
GQ-19280113,0
GQ-19280114,0
GQ-19280115,0
GQ-19280116,0
GQ-19280117,0
GQ-19280118,0
GQ-19280119,0
GQ-19280120,0
GQ-19280121,0
GQ-19280122,0
GQ-19280123,0
GQ-19280124,0
GQ-19280125,0
GQ-19280126,0
GQ-19280127,0
GQ-19280128,0
GQ-19280129,0
GQ-19280130,0
GQ-19280131,0
GQ-19280132,0
GQ-19280133,0
GQ-19280134,0
GQ-19280135,0
GQ-19280136,0
GQ-19280137,0
GQ-19280138,0
GQ-19280139,0
GQ-19280140,0
GQ-19280141,0
GQ-19280142,0
GQ-19280143,0
GQ-19280144,0
GQ-19280145,0
GQ-19280146,0
GQ-19280147,0
GQ-19280148,0
GQ-19280149,0
GQ-19280150,0
GQ-19280151,0
GQ-19280152,0
GQ-19280153,0
GQ-28400100,0
GQ-28400100-2,0
GQ-28400101,0
GQ-28400101-2,0
GQ-28400102,0
GQ-28400102-2,0
GQ-28400103,0
GQ-28400103-2,0
GQ-28400104,0
GQ-28400104-2,0
GQ-28400105,0
GQ-28400105-2,0
GQ-28400106,0
GQ-28400106-2,0
GQ-28400107,0
GQ-28400107-2,0
GQ-28400108,0
GQ-28400108-2,0
GQ-28400109,0
GQ-28400109-2,0
GQ-28400110,0
GQ-28400110-2,0
GQ-28400111,0
GQ-28400111-2,0
GQ-28400112,0
GQ-28400112-2,0
GQ-28400113,0
GQ-28400113-2,0
GQ-28400114,0
GQ-28400114-2,0
GQ-28400115,0
GQ-28400115-2,0
GQ-28400116,0
GQ-28400116-2,0
GQ-28400117,0
GQ-28400117-2,0
GQ-28400118,0
GQ-28400118-2,0
GQ-28400119,0
GQ-28400119-2,0
GQ-28400120,0
GQ-28400120-2,0
GQ-28400121,0
GQ-28400121-2,0
GQ-28400122,0
GQ-28400122-2,0
GQ-28400123,0
GQ-28400123-2,0
GQ-28400124,0
GQ-28400124-2,0
GQ-28400125,0
GQ-28400125-2,0
GQ-28400126,0
GQ-28400126-2,0
GQ-28400127,0
GQ-28400127-2,0
GQ-28400128,0
GQ-28400128-2,0
GQ-28400129,0
GQ-28400129-2,0
GQ-28400130,0
GQ-28400130-2,0
GQ-28400131,0
GQ-28400131-2,0
GQ-28400132,0
GQ-28400132-2,0
GQ-28400133,0
GQ-28400133-2,0
GQ-28400134,0
GQ-28400134-2,0
GQ-28400135,0
GQ-28400135-2,0
GQ-28400136,0
GQ-28400136-2,0
GQ-28400137,0
GQ-28400137-2,0
GQ-28400138,0
GQ-28400138-2,0
GQ-28400139,0
GQ-28400139-2,0
GQ-28400140,0
GQ-28400140-2,0
GQ-28400141,0
GQ-28400141-2,0
GQ-28400142,0
GQ-28400142-2,0
GQ-28400143,0
GQ-28400143-2,0
GQ-28400144,0
GQ-28400144-2,0
GQ-28400145,0
GQ-28400145-2,0
GQ-28400146,0
GQ-28400146-2,0
GQ-28400147,0
GQ-28400147-2,0
GQ-28400148,0
GQ-28400148-2,0
GQ-28400149,0
GQ-28400149-2,0
GQ-28400150,0
GQ-28400150-2,0
GQ-28400151,0
GQ-28400151-2,0
GQ-28400152,0
GQ-28400152-2,0
GQ-28400153,0
GQ-28400153-2,0
GQ-38380001,0
GQ-38380002,0
GQ-38380003,0
GQ-38380004,0
GQ-38380005,0
GQ-38380006,0
GQ-38380007,0
GQ-38380008,0
GQ-38380009,0
GQ-38380010,0
GQ-38380011,0
GQ-38380012,0
GQ-38380013,0
GQ-38380014,0
GQ-38380015,0
GQ-38380016,0
GQ-38380017,0
GQ-38380018,0
GQ-38380019,0
GQ-38380020,0
GQ-38380021,0
GQ-38380022,0
GQ-38380023,0
GQ-38380024,0
GQ-38380025,0
GQ-38380026,0
GQ-38380027,0
GQ-38380028,0
GQ-38380029,0
GQ-38380030,0
GQ-38380031,0
GQ-38380032,0
GQ-38380033,0
GQ-38380034,0
GQ-38380035,0
GQ-38380036,0
GQ-38380037,0
GQ-38380038,0
GQ-38380039,0
GQ-38380040,0
GQ-38380041,0
GQ-38380042,0
GQ-38380043,0
GQ-38380044,0
GQ-38380045,0
GQ-38380046,0
GQ-38380047,0
GQ-38380048,0
GQ-38380049,0
GQ-38380050,0
GQ-38380051,0
GQ-38380052,0
GQ-38380053,0
GQ-38380054,0
GQ-38380055,0
GQ-38380056,0
GQ-38380057,0
GQ-38380058,0
GQ-38380059,0
GQ-38380060,0
GQ-38380061,0
GQ-38380062,0
GQ-38380063,0
GQ-38380064,0
GQ-38380065,0
GQ-38380066,0
GQ-38380067,0
GQ-38380068,0
GQ-38380069,0
GQ-38380070,0
GQ-38380071,0
GQ-38380072,0
GQ-38380073,0
GQ-38380074,0
GQ-38380075,0
GQ-38380076,0
GQ-38380077,0
GQ-38380078,0
GQ-38380079,0
GQ-38380080,0
GQ-38380081,0
GQ-38380082,0
GQ-38380083,0
GQ-38380084,0
GQ-38380085,0
GQ-38380086,0
GQ-38380087,0
GQ-38380088,0
GQ-38380089,0
GQ-38380090,0
GQ-38380091,0
GQ-38380092,0
GQ-38380093,0
GQ-38380094,0
GQ-38380095,0
GQ-38380096,0
GQ-38380097,0
GQ-38380098,0
GQ-38380099,0
GQ-38380100,0
GQ-38380101,0
GQ-38380102,0
GQ-38380103,0
GQ-38380104,0
GQ-38380105,0
GQ-38380106,0
GQ-38380107,0
GQ-38380108,0
GQ-38380109,0
GQ-38380110,0
GQ-38380111,0
GQ-38380112,0
GQ-38380113,0
GQ-38380114,0
GQ-38380115,0
GQ-38380116,0
GQ-38380117,0
GQ-38380118,0
GQ-38380119,0
GQ-38380120,0
GQ-38380121,0
GQ-38380122,0
GQ-38380123,0
GQ-38380124,0
GQ-38380125,0
GQ-38380126,0
GQ-38380127,0
GQ-38380128,0
GQ-38380129,0
GQ-38380130,0
GQ-38380131,0
GQ-38380132,0
GQ-38380133,0
GQ-38380134,0
GQ-38380135,0
GQ-38380136,0
GQ-38380137,0
GQ-38380138,0
GQ-38380139,0
GQ-38380140,0
GQ-38380141,0
GQ-38380142,0
GQ-38380143,0
GQ-38380144,0
GQ-38380145,0
GQ-38380146,0
GQ-38380147,0
GQ-38380148,0
GQ-38380149,0
GQ-38380150,0
GQ-38380151,0
GQ-38380152,0
GQ-38380153,0
GQ-38380154,0
GQ-38380155,0
GQ-38380156,0
GQ-38380157,0
GQ-38380158,0
GQ-38380159,0
GQ-38380160,0
GQ-38380161,0
GQ-38380162,0
GQ-38380163,0
GQ-38380164,0
GQ-38380165,0
GQ-38380166,0
GQ-38380167,0
GQ-38380168,0
GQ-38380169,0
GQ-38380170,0
GQ-38380171,0
GQ-38380172,0
GQ-38380173,0
GQ-38380174,0
GQ-38380175,0
GQ-38380176,0
GQ-38380177,0
GQ-38380178,0
GQ-38380179,0
GQ-38380180,0
GQ-38380181,0
GQ-38380182,0
GQ-38380183,0
GQ-38380184,0
GQ-38380185,0
GQ-38540100,0
GQ-38540100-2,0
GQ-38540101,0
GQ-38540101-2,0
GQ-38540102,0
GQ-38540102-2,0
GQ-38540103,0
GQ-38540103-2,0
GQ-38540104,0
GQ-38540104-2,0
GQ-38540105,0
GQ-38540105-2,0
GQ-38540106,0
GQ-38540106-2,0
GQ-38540107,0
GQ-38540107-2,0
GQ-38540108,0
GQ-38540108-2,0
GQ-38540109,0
GQ-38540109-2,0
GQ-38540110,0
GQ-38540110-2,0
GQ-38540111,0
GQ-38540111-2,0
GQ-38540112,0
GQ-38540112-2,0
GQ-38540113,0
GQ-38540113-2,0
GQ-38540114,0
GQ-38540114-2,0
GQ-38540115,0
GQ-38540115-2,0
GQ-38540116,0
GQ-38540116-2,0
GQ-38540117,0
GQ-38540117-2,0
GQ-38540118,0
GQ-38540118-2,0
GQ-38540119,0
GQ-38540119-2,0
GQ-38540120,0
GQ-38540120-2,0
GQ-38540121,0
GQ-38540121-2,0
GQ-38540122,0
GQ-38540122-2,0
GQ-38540123,0
GQ-38540123-2,0
GQ-38540124,0
GQ-38540124-2,0
GQ-38540125,0
GQ-38540125-2,0
GQ-38540126,0
GQ-38540126-2,0
GQ-38540127,0
GQ-38540127-2,0
GQ-38540128,0
GQ-38540128-2,0
GQ-38540129,0
GQ-38540129-2,0
GQ-38540130,0
GQ-38540130-2,0
GQ-38540131,0
GQ-38540131-2,0
GQ-38540132,0
GQ-38540132-2,0
GQ-38540133,0
GQ-38540133-2,0
GQ-38540134,0
GQ-38540134-2,0
GQ-38540135,0
GQ-38540135-2,0
GQ-38540136,0
GQ-38540136-2,0
GQ-38540137,0
GQ-38540137-2,0
GQ-38540138,0
GQ-38540138-2,0
GQ-38540139,0
GQ-38540139-2,0
GQ-38540140,0
GQ-38540140-2,0
GQ-38540141,0
GQ-38540141-2,0
GQ-38540142,0
GQ-38540142-2,0
GQ-38540143,0
GQ-38540143-2,0
GQ-38540144,0
GQ-38540144-2,0
GQ-38540145,0
GQ-38540145-2,0
GQ-38540146,0
GQ-38540146-2,0
GQ-38540147,0
GQ-38540147-2,0
GQ-38540148,0
GQ-38540148-2,0
GQ-38540149,0
GQ-38540149-2,0
GQ-38540150,0
GQ-38540150-2,0
GQ-38540151,0
GQ-38540151-2,0
GQ-38540152,0
GQ-38540152-2,0
GQ-38540153,0
GQ-38540153-2,0
GUIRLANDA1,0
GUIRLANDA2,0
GUIRLANDA3,0
HC004,0
HC008,0
HC015,0
IPR60B,0
IPR60CZ,0
JO1041,0
JS026,0
JS030,0
JS043,0
JS046,0
JS063,0
JS071,0
JS072,0
JS074,0
JS075,0
JS076,0
JS077,0
KF0005,0
LUMI_OCULOS,0
LUMI_PRES1,0
LUMI_PRES2,0
M50,0
MC40,0
MINI_ESC1,0
MINI_ESC2,0
MINI_ESC3,0
MINI_ESC4,0
MO001,0
MO002,0
MO003,0
MO006,0
MO007,0
MO031,0
MO034,0
MO132,0
MO139,0
MO141,0
MO143,0
MO145,0
MO146,0
MO149,0
MO150,0
MO151,0
MO152,0
MO153,0
MO154,0
MO155,0
MO156,0
MO157,0
MO159,0
MO161,0
MO162,0
MO164,0
MO166,0
MO167,0
MO170,0
MO179,0
MO180,0
MO181,0
MO185,0
MO186,0
MO187,0
MO188,0
MO190,0
MO191,0
MO193,0
MO194,0
MO195,0
MO197,0
MO199,0
MO200,0
MO202,0
MO205,0
MO206,0
MO207,0
MO208,0
MO212,0
MO213,0
MO214,0
MO215,0
MO216,0
MO217,0
MO218,0
MO222,0
MO223,0
MO224,0
MO225,0
MO226,0
MO228,0
MO231,0
MO232,0
MO233,0
MO234,0
MO235,0
MO236,0
MO237,0
MO238,0
MO239,0
MO240,0
MO241,0
MO242,0
MO243,0
MO245,0
MO246,0
MO247,0
MO249,0
MO250,0
MT010,0
MT011,0
MT012,0
MT602,0
NATU27,0
NATU28,0
NF0001,0
Oasis_64,0
Oasis_66,0
Oasis_68,0
OF004,0
P3213,0
P48,0
PH042,0
PH073,0
PH101,0
PH106,0
PH107,0
PH109,0
PH120,0
PH126,0
PH143,0
PH144,0
PH147,0
PH153,0
PH157,0
PH158,0
PH159,0
PH160,0
PH161,0
PH162,0
RE048,0
RE051,0
RE057,0
RE116,0
RE163,0
RE170,0
RE502,0
SD60,0
SE140,0
SE142,0
SE144,0
SE145,0
SE170,0
SE171,0
SE172,0
SE173,0
SE174,0
SE176,0
SE177,0
SE404,0
SE408,0
SE416,0
SP118,0
SP178,0
SP182,0
SP183,0
SP184,0
SP186,0
SP187,0
SP201,0
SP204,0
SP209,0
SX0016,0
SX0023,0
TC064,0
TC065,0
TC071,0
TC096,0
TC125,0
TC142,0
TC143,0
TC153,0
TC154,0
TC160,0
TC162,0
TC165,0
TC167,0
TC171,0
TC184,0
TC189,0
TC191,0
TC192,0
TC194,0
TC195,0
TC196,0
TC197,0
TC198,0
TC199,0
TEX35,0
TV005,0
USM16GR,0
USM32GR,0
USM8GR,0
USM8M2,0
VD-143118,0
VD-143120,0
VD-143221,0
VD-143223,0
VD-153100,0
VD-153102,0
VD-153201,0
VD-153203,0
VD-193100,0
VD-193203,0
VD-213117,0
VD-213118,0
VD-213119,0
VD-213122,0
VD-213125,0
VD-213126,0
VD-213220,0
VD-213221,0
VD-213223,0
VD-213224,0
VD-213226,0
VD-213227,0
VD-233100,0
VD-233102,0
VD-233203,0
VD-233205,0
VD-243108,0
VD-243109,0
VD-243210,0
VD-243211,0
VD-313100,0
VD-313102,0
VD-313203,0
VD-313205,0
VD-323102,0
VD-323203,0
VD-343104,0
VD-343206,0
VD-363100,0
VD-363102,0
VD-363103,0
VD-363204,0
VD-363206,0
VD-363207,0
VD-383116,0
VD-383119,0
VD-383120,0
VD-383121,0
VD-383148,0
VD-383170,0
VD-383172,0
VD-383188,0
VD-383220,0
VD-383223,0
VD-383237,0
VD-383238,0
VD-383252,0
VD-383273,0
VD-383275,0
VD-383291,0
VD-403116,0
VD-403220,0
VD-413100,0
VD-413102,0
VD-413201,0
VD-413203,0
VD-423100,0
VD-423201,0
VD-443100,0
VD-443201,0
VD-453100,0
VD-453103,0
VD-453201,0
VD-453204,0
VD-463100,0
VD-463201,0
VD-473100,0
VD-473201,0
VD-483100,0
VD-483201,0
VD-493100,0
VD-493101,0
VD-493202,0
VD-493203,0
VD-554102,0
VD-554211,0
VD-564102,0
VD-564106,0
VD-564211,0
VD-564215,0
VD-665418,0
VD-665420,0
VD-695312,0
VD-695410,0
VD-695412,0
VD-705310,0
VD-705312,0
VD-705314,0
VD-705410,0
VD-705412,0
VD-705414,0
VD-726312,0
VD-726410,0
VD-726412,0
VD-73121,0
VD-73225,0
VD-736325,0
VD-746332,0
VD-746333,0
VD-746334,0
VD-746335,0
VD-746336,0
VD-746337,0
VD-746338,0
VD-756332,0
VD-802500,0
VD-802502,0
VD-83156,0
VD-83159,0
VD-83260,0
VD-83263,0
VD-850003,0
VIVID-A26,0
WC040,0
WC044,0
WC045,0
WC048,0
WI026,0
WI027,0
WI133,0
WI134,0
WI197,0
WI198,0
WI208,0
WI209,0
WI210,0
WI217,0
WI218,0
WI219,0
WI220,0
WI221,0
WI222,0
WI223,0
WI226,0
WI233,0
WI234,0
WI235,0
WI236,0
WI237,0
WI238,0
WI239,0
WI249,0
WI250,0
WI251,0
WI252,0
WI279,0
XC-RCA3,0
ZR2000,0
